"userid","version","sum_gamerounds","retention_1","retention_7","purch"
26083,"gate_30",100,"TRUE",TRUE,105.81
27849,"gate_40",61,"TRUE",FALSE,163.13
33639,"gate_40",45,"TRUE",FALSE,2.29
45698,"gate_30",452,"TRUE",TRUE,419.66
52100,"gate_40",55,"TRUE",FALSE,4.58
67190,"gate_40",15,"FALSE",FALSE,21.99
69050,"gate_30",20,"TRUE",FALSE,2.29
69392,"gate_30",46,"FALSE",FALSE,15.57
77644,"gate_30",15,"FALSE",FALSE,10.99
99912,"gate_40",27,"TRUE",FALSE,2.29
104999,"gate_40",258,"FALSE",TRUE,240.08
124379,"gate_40",124,"FALSE",TRUE,72.82
141163,"gate_30",44,"TRUE",FALSE,2.29
154381,"gate_40",18,"TRUE",FALSE,2.29
156370,"gate_30",12,"FALSE",TRUE,54.99
159871,"gate_40",141,"TRUE",FALSE,114.53
173708,"gate_40",288,"TRUE",TRUE,174.09
179551,"gate_40",14,"TRUE",FALSE,10.99
185368,"gate_30",52,"FALSE",FALSE,15.57
189098,"gate_30",35,"TRUE",FALSE,21.98
189970,"gate_40",104,"TRUE",FALSE,48.55
222583,"gate_30",24,"FALSE",FALSE,32.98
228723,"gate_40",299,"TRUE",TRUE,114.96
229957,"gate_40",78,"FALSE",TRUE,21.99
231622,"gate_40",90,"TRUE",FALSE,20.15
236837,"gate_30",24,"FALSE",FALSE,6.87
268946,"gate_40",387,"TRUE",TRUE,264.76
269182,"gate_30",312,"TRUE",TRUE,58.17
277023,"gate_40",68,"FALSE",FALSE,35.27
299533,"gate_30",14,"FALSE",FALSE,2.29
303959,"gate_30",12,"FALSE",FALSE,120.98
306691,"gate_40",11,"TRUE",FALSE,2.29
315950,"gate_40",116,"TRUE",FALSE,134.24
317884,"gate_40",165,"TRUE",TRUE,88.41
331668,"gate_30",14,"FALSE",FALSE,15.57
350455,"gate_30",14,"TRUE",FALSE,10.99
351583,"gate_30",28,"FALSE",TRUE,2.29
369076,"gate_40",66,"TRUE",FALSE,61.83
374188,"gate_40",14,"FALSE",FALSE,2.29
380690,"gate_40",26,"TRUE",TRUE,21.98
384453,"gate_40",52,"TRUE",FALSE,32.98
386608,"gate_30",107,"TRUE",TRUE,147.54
401693,"gate_40",118,"TRUE",FALSE,15.57
417699,"gate_40",180,"TRUE",TRUE,213.53
423265,"gate_40",78,"TRUE",FALSE,10.99
424474,"gate_40",30,"FALSE",TRUE,10.99
435493,"gate_30",244,"TRUE",TRUE,264.37
443985,"gate_30",38,"TRUE",TRUE,13.28
449998,"gate_40",19,"TRUE",TRUE,2.29
450934,"gate_40",10,"TRUE",FALSE,2.29
452833,"gate_30",60,"TRUE",FALSE,37.56
463347,"gate_30",59,"FALSE",TRUE,10.99
474240,"gate_30",349,"TRUE",TRUE,81.98
495051,"gate_30",357,"TRUE",FALSE,154.85
517243,"gate_30",48,"TRUE",TRUE,68.26
526419,"gate_30",38,"TRUE",TRUE,13.28
531402,"gate_40",32,"FALSE",FALSE,2.29
531816,"gate_30",20,"TRUE",FALSE,2.29
536008,"gate_30",14,"FALSE",FALSE,21.99
542871,"gate_30",81,"TRUE",TRUE,131.98
550581,"gate_40",287,"TRUE",TRUE,407.76
563157,"gate_40",29,"TRUE",FALSE,17.86
563277,"gate_30",47,"TRUE",TRUE,26.57
613782,"gate_40",167,"TRUE",TRUE,35.73
626857,"gate_30",46,"FALSE",TRUE,26.57
633072,"gate_40",167,"TRUE",FALSE,101.23
641545,"gate_40",74,"FALSE",TRUE,83.84
643015,"gate_40",227,"TRUE",FALSE,110.84
644908,"gate_40",18,"FALSE",FALSE,4.58
651520,"gate_40",12,"FALSE",FALSE,2.29
661090,"gate_40",15,"FALSE",FALSE,2.29
679368,"gate_40",36,"FALSE",FALSE,24.27
679586,"gate_30",14,"FALSE",FALSE,43.98
680376,"gate_30",110,"TRUE",TRUE,15.57
691288,"gate_30",560,"TRUE",TRUE,220.78
707895,"gate_30",39,"FALSE",FALSE,15.57
711350,"gate_30",15,"FALSE",FALSE,2.29
712509,"gate_30",55,"TRUE",TRUE,2.29
720198,"gate_30",147,"FALSE",TRUE,26.57
722652,"gate_40",50,"TRUE",FALSE,2.29
741857,"gate_40",20,"TRUE",FALSE,4.58
759915,"gate_30",43,"TRUE",TRUE,109.96
791296,"gate_30",24,"TRUE",TRUE,24.28
807046,"gate_40",3,"FALSE",FALSE,2.29
829861,"gate_40",106,"TRUE",FALSE,125.53
832227,"gate_40",51,"TRUE",TRUE,15.57
832680,"gate_30",35,"TRUE",FALSE,123.27
844618,"gate_30",66,"TRUE",FALSE,31.15
856690,"gate_30",271,"FALSE",TRUE,376.66
860227,"gate_40",60,"TRUE",FALSE,13.28
864953,"gate_30",426,"TRUE",FALSE,271.64
867686,"gate_30",80,"FALSE",FALSE,79.27
869618,"gate_30",185,"TRUE",FALSE,125.5
895411,"gate_30",66,"TRUE",FALSE,46.27
909339,"gate_30",105,"TRUE",FALSE,158.54
932664,"gate_30",34,"TRUE",FALSE,2.29
953269,"gate_30",34,"TRUE",FALSE,2.29
966055,"gate_40",23,"TRUE",TRUE,59.57
968420,"gate_30",21,"FALSE",FALSE,120.98
976971,"gate_40",7,"FALSE",FALSE,54.97
984436,"gate_40",196,"TRUE",TRUE,105.83
1011310,"gate_30",134,"TRUE",TRUE,81.52
1012049,"gate_30",74,"TRUE",FALSE,79.27
1016229,"gate_30",38,"TRUE",TRUE,13.28
1020221,"gate_30",107,"TRUE",TRUE,15.57
1026794,"gate_40",34,"TRUE",FALSE,24.28
1029645,"gate_40",51,"TRUE",FALSE,145.26
1036079,"gate_40",16,"FALSE",FALSE,2.29
1038931,"gate_30",7,"TRUE",FALSE,2.29
1045169,"gate_40",162,"TRUE",TRUE,138.79
1049758,"gate_40",29,"FALSE",FALSE,24.27
1050309,"gate_40",25,"FALSE",TRUE,26.57
1056410,"gate_40",149,"FALSE",TRUE,39.84
1065114,"gate_30",9,"FALSE",FALSE,10.99
1070450,"gate_30",41,"TRUE",FALSE,2.29
1071128,"gate_30",1063,"TRUE",TRUE,375.6
1071184,"gate_30",63,"TRUE",TRUE,46.26
1076972,"gate_30",15,"TRUE",FALSE,2.29
1083375,"gate_40",5,"FALSE",FALSE,21.99
1086634,"gate_30",293,"TRUE",FALSE,119.54
1095490,"gate_40",32,"FALSE",FALSE,59.57
1109197,"gate_40",74,"TRUE",FALSE,2.29
1113327,"gate_40",37,"FALSE",FALSE,10.99
1117143,"gate_40",170,"TRUE",TRUE,178.67
1117277,"gate_40",3,"FALSE",FALSE,2.29
1127729,"gate_40",63,"TRUE",FALSE,180.52
1133249,"gate_40",96,"TRUE",FALSE,103.54
1137518,"gate_40",35,"FALSE",FALSE,10.99
1139929,"gate_30",46,"TRUE",FALSE,6.87
1141788,"gate_40",258,"TRUE",TRUE,169.92
1177780,"gate_30",35,"TRUE",TRUE,28.86
1190720,"gate_30",163,"TRUE",FALSE,174.1
1197089,"gate_30",90,"TRUE",TRUE,35.27
1198496,"gate_40",104,"TRUE",TRUE,114.57
1203613,"gate_40",21,"FALSE",FALSE,24.28
1218527,"gate_40",58,"TRUE",TRUE,43.97
1221727,"gate_40",11,"FALSE",FALSE,32.98
1227615,"gate_40",12,"FALSE",FALSE,24.28
1232741,"gate_30",163,"TRUE",TRUE,127.8
1233033,"gate_40",38,"TRUE",FALSE,65.98
1234582,"gate_40",28,"TRUE",TRUE,164.98
1250389,"gate_30",34,"TRUE",FALSE,123.27
1259932,"gate_40",180,"TRUE",TRUE,369.75
1271121,"gate_30",183,"TRUE",TRUE,13.28
1294723,"gate_30",13,"FALSE",TRUE,2.29
1298002,"gate_30",21,"TRUE",FALSE,10.99
1345559,"gate_40",63,"TRUE",TRUE,6.87
1351152,"gate_40",20,"TRUE",FALSE,26.57
1363026,"gate_40",303,"TRUE",TRUE,227.24
1381459,"gate_40",913,"TRUE",TRUE,578.17
1384736,"gate_40",29,"TRUE",FALSE,35.27
1395578,"gate_30",45,"FALSE",FALSE,4.58
1397658,"gate_40",176,"TRUE",FALSE,88.42
1407999,"gate_30",28,"TRUE",FALSE,2.29
1425691,"gate_30",74,"FALSE",FALSE,83.85
1429389,"gate_30",59,"TRUE",FALSE,21.99
1433068,"gate_30",109,"TRUE",FALSE,15.57
1459061,"gate_30",18,"FALSE",FALSE,2.29
1461749,"gate_40",41,"FALSE",FALSE,68.25
1495670,"gate_30",309,"TRUE",TRUE,354.6
1504897,"gate_30",14,"FALSE",FALSE,2.29
1516988,"gate_40",8,"TRUE",FALSE,2.29
1519717,"gate_30",58,"TRUE",TRUE,43.98
1528451,"gate_30",28,"TRUE",FALSE,21.98
1531587,"gate_30",57,"TRUE",FALSE,2.29
1557018,"gate_30",553,"TRUE",TRUE,535.15
1558187,"gate_30",110,"TRUE",TRUE,72.83
1559632,"gate_30",177,"TRUE",TRUE,79.7
1563007,"gate_40",97,"FALSE",TRUE,79.26
1573361,"gate_30",11,"TRUE",FALSE,10.99
1577388,"gate_40",8,"FALSE",FALSE,10.99
1581907,"gate_30",18,"FALSE",TRUE,32.98
1587019,"gate_30",29,"TRUE",FALSE,26.57
1606123,"gate_30",37,"TRUE",TRUE,76.98
1615404,"gate_30",18,"FALSE",FALSE,2.29
1625192,"gate_30",260,"TRUE",TRUE,213.97
1625516,"gate_40",66,"FALSE",FALSE,13.28
1644294,"gate_40",11,"TRUE",FALSE,10.99
1664788,"gate_30",95,"TRUE",TRUE,15.57
1672017,"gate_30",43,"FALSE",FALSE,10.99
1682200,"gate_40",15,"TRUE",FALSE,21.99
1698475,"gate_40",82,"FALSE",FALSE,83.84
1714732,"gate_30",38,"TRUE",TRUE,10.99
1744280,"gate_40",141,"TRUE",FALSE,130.1
1749700,"gate_30",57,"TRUE",TRUE,6.87
1755896,"gate_40",8,"FALSE",FALSE,10.99
1760265,"gate_30",120,"TRUE",TRUE,24.27
1763807,"gate_30",197,"TRUE",TRUE,211.24
1771450,"gate_30",69,"FALSE",FALSE,35.27
1778625,"gate_40",14,"TRUE",FALSE,57.28
1781985,"gate_30",420,"TRUE",TRUE,253.81
1806232,"gate_30",125,"TRUE",TRUE,43.97
1844827,"gate_40",73,"TRUE",TRUE,6.87
1857845,"gate_30",89,"TRUE",TRUE,26.57
1860969,"gate_40",5,"FALSE",FALSE,2.29
1904622,"gate_30",87,"TRUE",TRUE,114.54
1912380,"gate_30",82,"TRUE",FALSE,114.57
1921188,"gate_40",11,"FALSE",TRUE,54.99
1932422,"gate_30",47,"TRUE",FALSE,24.27
1963889,"gate_30",55,"FALSE",FALSE,13.28
1989293,"gate_40",31,"FALSE",FALSE,2.29
2014550,"gate_40",66,"TRUE",FALSE,112.27
2015533,"gate_30",20,"FALSE",FALSE,2.29
2021793,"gate_30",39,"TRUE",FALSE,10.99
2050235,"gate_30",21,"TRUE",FALSE,2.29
2057414,"gate_30",34,"TRUE",FALSE,21.99
2059970,"gate_30",16,"FALSE",FALSE,65.98
2063988,"gate_40",120,"TRUE",TRUE,21.98
2098970,"gate_30",275,"TRUE",TRUE,64.12
2105277,"gate_30",205,"TRUE",TRUE,167.65
2107306,"gate_40",25,"FALSE",FALSE,24.28
2109502,"gate_30",22,"TRUE",FALSE,15.57
2116859,"gate_30",17,"FALSE",TRUE,2.29
2123028,"gate_30",34,"TRUE",TRUE,35.27
2123404,"gate_40",15,"FALSE",TRUE,21.98
2125525,"gate_40",44,"TRUE",FALSE,6.87
2150877,"gate_30",61,"TRUE",TRUE,24.27
2153506,"gate_40",4,"FALSE",FALSE,2.29
2179492,"gate_40",49,"TRUE",TRUE,2.29
2196413,"gate_40",332,"TRUE",TRUE,427.52
2218497,"gate_40",114,"TRUE",FALSE,48.56
2220466,"gate_40",4,"FALSE",FALSE,21.99
2234523,"gate_30",41,"TRUE",TRUE,2.29
2239977,"gate_40",88,"FALSE",FALSE,32.98
2259220,"gate_30",154,"TRUE",TRUE,207.11
2266834,"gate_40",20,"FALSE",FALSE,21.99
2272031,"gate_40",22,"FALSE",FALSE,21.98
2279849,"gate_40",62,"TRUE",TRUE,48.55
2282860,"gate_40",26,"FALSE",FALSE,10.99
2288156,"gate_30",138,"TRUE",TRUE,70.53
2290721,"gate_30",24,"FALSE",FALSE,21.99
2295182,"gate_30",37,"TRUE",TRUE,10.99
2315481,"gate_30",609,"TRUE",TRUE,628.14
2332395,"gate_30",262,"TRUE",TRUE,101.69
2333523,"gate_30",16,"TRUE",FALSE,101.26
2342520,"gate_30",15,"TRUE",FALSE,2.29
2349123,"gate_40",5,"FALSE",FALSE,10.99
2356078,"gate_30",341,"FALSE",TRUE,249.69
2364021,"gate_30",31,"TRUE",TRUE,4.58
2369094,"gate_30",4,"FALSE",FALSE,2.29
2382641,"gate_40",162,"TRUE",FALSE,81.53
2441819,"gate_40",51,"FALSE",TRUE,134.27
2445621,"gate_30",69,"TRUE",FALSE,61.83
2496368,"gate_40",167,"TRUE",TRUE,75.14
2502130,"gate_30",23,"FALSE",FALSE,2.29
2517168,"gate_30",29,"TRUE",TRUE,2.29
2526170,"gate_40",139,"TRUE",TRUE,224.52
2554373,"gate_30",18,"FALSE",FALSE,13.28
2560167,"gate_30",8,"FALSE",FALSE,10.99
2560575,"gate_40",287,"TRUE",TRUE,231.38
2563451,"gate_30",45,"TRUE",FALSE,21.99
2577252,"gate_30",49,"TRUE",FALSE,10.99
2577655,"gate_30",21,"TRUE",FALSE,15.57
2579169,"gate_30",153,"TRUE",TRUE,189.23
2585437,"gate_40",6,"FALSE",FALSE,2.29
2591909,"gate_40",21,"TRUE",FALSE,21.99
2592309,"gate_40",149,"TRUE",TRUE,61.84
2600726,"gate_40",117,"TRUE",FALSE,11.45
2648347,"gate_30",15,"TRUE",FALSE,131.98
2670552,"gate_40",71,"TRUE",FALSE,26.56
2678832,"gate_30",4,"FALSE",FALSE,2.29
2723624,"gate_30",48,"FALSE",TRUE,13.28
2734372,"gate_40",213,"TRUE",TRUE,92.55
2735507,"gate_40",218,"TRUE",TRUE,134.67
2746054,"gate_40",200,"TRUE",TRUE,191.94
2749949,"gate_40",511,"TRUE",TRUE,594.72
2750174,"gate_40",223,"TRUE",TRUE,66.42
2752038,"gate_30",30,"FALSE",FALSE,24.28
2774926,"gate_40",55,"FALSE",FALSE,28.85
2778534,"gate_40",16,"TRUE",FALSE,4.58
2779523,"gate_40",82,"TRUE",TRUE,46.27
2780970,"gate_40",12,"FALSE",FALSE,2.29
2801559,"gate_30",128,"FALSE",TRUE,152.1
2817782,"gate_40",191,"FALSE",TRUE,114.97
2824911,"gate_40",162,"TRUE",FALSE,71.02
2845023,"gate_30",57,"FALSE",TRUE,103.55
2897068,"gate_40",47,"TRUE",FALSE,15.57
2901718,"gate_40",52,"FALSE",TRUE,26.56
2910672,"gate_30",34,"TRUE",FALSE,10.99
2911012,"gate_30",16,"TRUE",FALSE,13.28
2916417,"gate_40",77,"FALSE",FALSE,112.28
2926931,"gate_30",16,"TRUE",FALSE,10.99
2935054,"gate_40",5,"FALSE",FALSE,10.99
2942276,"gate_30",41,"TRUE",FALSE,21.99
2946210,"gate_30",68,"TRUE",FALSE,24.28
2947185,"gate_40",147,"TRUE",TRUE,120.98
2950684,"gate_40",56,"TRUE",TRUE,2.29
2959161,"gate_40",71,"TRUE",FALSE,46.26
2976635,"gate_30",161,"TRUE",TRUE,110.39
2985241,"gate_30",5,"FALSE",FALSE,10.99
2994433,"gate_30",108,"TRUE",FALSE,54.96
2995963,"gate_30",36,"TRUE",FALSE,15.57
3007160,"gate_30",55,"TRUE",FALSE,2.29
3011660,"gate_30",96,"TRUE",FALSE,10.99
3022494,"gate_30",70,"FALSE",TRUE,35.27
3023236,"gate_40",535,"TRUE",TRUE,364.18
3026299,"gate_30",5,"FALSE",FALSE,65.98
3033525,"gate_40",13,"FALSE",FALSE,21.99
3054530,"gate_40",57,"TRUE",FALSE,28.85
3057290,"gate_30",60,"TRUE",FALSE,15.57
3059600,"gate_30",12,"FALSE",FALSE,2.29
3080597,"gate_30",53,"TRUE",TRUE,191.54
3081298,"gate_30",4,"FALSE",FALSE,2.29
3082623,"gate_30",458,"TRUE",TRUE,213.91
3112789,"gate_30",229,"TRUE",TRUE,345.51
3113630,"gate_30",39,"TRUE",FALSE,15.57
3118622,"gate_40",25,"FALSE",FALSE,2.29
3162124,"gate_40",32,"TRUE",FALSE,54.99
3162635,"gate_40",40,"TRUE",FALSE,24.28
3169757,"gate_40",17,"TRUE",FALSE,2.29
3173200,"gate_30",47,"TRUE",TRUE,10.99
3185587,"gate_40",214,"TRUE",FALSE,134.69
3195119,"gate_30",5,"FALSE",FALSE,2.29
3206340,"gate_40",35,"FALSE",FALSE,15.57
3225609,"gate_40",162,"TRUE",FALSE,46.72
3229296,"gate_30",68,"TRUE",TRUE,48.55
3229826,"gate_30",23,"FALSE",FALSE,13.28
3232380,"gate_30",36,"FALSE",FALSE,2.29
3235704,"gate_40",23,"FALSE",FALSE,15.57
3237174,"gate_40",463,"TRUE",TRUE,449.93
3239701,"gate_30",370,"TRUE",TRUE,339.5
3250309,"gate_30",20,"TRUE",FALSE,2.29
3275319,"gate_40",77,"FALSE",FALSE,178.24
3295090,"gate_40",11,"FALSE",FALSE,21.99
3297622,"gate_30",130,"TRUE",FALSE,64.13
3325029,"gate_30",157,"TRUE",TRUE,68.71
3332752,"gate_40",451,"TRUE",TRUE,169.98
3342019,"gate_40",24,"FALSE",FALSE,26.56
3383172,"gate_30",14,"FALSE",FALSE,13.28
3395190,"gate_30",14,"FALSE",FALSE,10.99
3407388,"gate_40",43,"FALSE",FALSE,2.29
3407964,"gate_30",106,"TRUE",TRUE,72.84
3425367,"gate_40",40,"TRUE",FALSE,35.27
3428596,"gate_40",42,"TRUE",TRUE,21.99
3441096,"gate_40",17,"TRUE",FALSE,2.29
3456367,"gate_40",50,"TRUE",FALSE,68.27
3456875,"gate_30",3,"FALSE",FALSE,2.29
3459407,"gate_30",225,"FALSE",TRUE,55.42
3464635,"gate_30",79,"TRUE",FALSE,130.14
3486585,"gate_40",44,"TRUE",FALSE,142.97
3501221,"gate_40",167,"TRUE",TRUE,86.56
3502357,"gate_30",15,"FALSE",FALSE,21.99
3507782,"gate_40",71,"TRUE",TRUE,15.57
3516339,"gate_30",8,"TRUE",FALSE,10.99
3526341,"gate_30",23,"FALSE",FALSE,2.29
3530801,"gate_30",33,"TRUE",FALSE,13.28
3536465,"gate_40",547,"TRUE",TRUE,311.55
3558570,"gate_30",21,"TRUE",FALSE,2.29
3559799,"gate_40",90,"FALSE",TRUE,101.23
3581616,"gate_30",78,"TRUE",TRUE,46.26
3582835,"gate_40",40,"TRUE",TRUE,21.98
3593062,"gate_40",402,"TRUE",FALSE,366.03
3607444,"gate_30",250,"TRUE",TRUE,194.29
3612433,"gate_40",301,"TRUE",TRUE,183.25
3613577,"gate_30",377,"TRUE",TRUE,207.02
3620036,"gate_40",3,"FALSE",FALSE,10.99
3629349,"gate_30",13,"FALSE",FALSE,10.99
3639991,"gate_30",179,"TRUE",TRUE,49.01
3645712,"gate_40",16,"FALSE",TRUE,2.29
3646010,"gate_40",118,"FALSE",TRUE,64.13
3657460,"gate_40",38,"TRUE",FALSE,24.27
3676535,"gate_40",5,"FALSE",FALSE,54.99
3690150,"gate_40",162,"TRUE",FALSE,38.01
3696741,"gate_40",7,"FALSE",FALSE,2.29
3700539,"gate_40",4,"FALSE",FALSE,21.99
3706747,"gate_40",28,"TRUE",FALSE,2.29
3711697,"gate_40",106,"FALSE",TRUE,17.86
3720018,"gate_30",20,"FALSE",FALSE,2.29
3724450,"gate_30",22,"FALSE",FALSE,2.29
3729361,"gate_30",31,"FALSE",FALSE,68.27
3731141,"gate_40",10,"FALSE",FALSE,10.99
3737719,"gate_40",61,"TRUE",FALSE,10.99
3747333,"gate_40",194,"TRUE",FALSE,66.42
3752157,"gate_40",62,"TRUE",FALSE,2.29
3771481,"gate_30",157,"TRUE",FALSE,134.68
3774555,"gate_40",59,"TRUE",FALSE,21.99
3781391,"gate_40",10,"FALSE",FALSE,2.29
3786416,"gate_30",18,"TRUE",FALSE,24.27
3837980,"gate_40",147,"TRUE",TRUE,68.71
3857388,"gate_30",69,"TRUE",FALSE,39.85
3872329,"gate_40",121,"TRUE",TRUE,22.44
3879648,"gate_30",243,"TRUE",TRUE,253.38
3891333,"gate_30",138,"FALSE",TRUE,169.54
3905139,"gate_30",65,"FALSE",FALSE,26.56
3919377,"gate_40",74,"TRUE",FALSE,98.95
3936020,"gate_30",5,"FALSE",FALSE,21.98
3956556,"gate_40",104,"TRUE",TRUE,79.25
3980920,"gate_40",21,"TRUE",FALSE,21.98
3996660,"gate_40",22,"FALSE",FALSE,4.58
3997030,"gate_30",476,"TRUE",TRUE,199.24
4007506,"gate_40",4,"FALSE",FALSE,2.29
4039844,"gate_30",15,"FALSE",FALSE,15.57
4055903,"gate_40",52,"FALSE",FALSE,125.56
4064925,"gate_30",41,"TRUE",FALSE,44.43
4070921,"gate_40",27,"FALSE",FALSE,26.57
4081823,"gate_30",28,"TRUE",FALSE,15.57
4086249,"gate_30",57,"FALSE",FALSE,112.24
4089079,"gate_40",87,"TRUE",TRUE,114.57
4102701,"gate_40",52,"TRUE",FALSE,54.99
4124082,"gate_30",160,"TRUE",FALSE,248.8
4154785,"gate_40",13,"FALSE",FALSE,2.29
4162683,"gate_30",27,"TRUE",FALSE,2.29
4163181,"gate_40",56,"FALSE",TRUE,32.98
4163950,"gate_40",8,"FALSE",FALSE,10.99
4170634,"gate_30",260,"TRUE",TRUE,191.97
4172111,"gate_30",22,"FALSE",FALSE,10.99
4194841,"gate_40",90,"TRUE",TRUE,37.56
4196315,"gate_30",71,"TRUE",FALSE,15.57
4200856,"gate_30",226,"TRUE",FALSE,119.09
4202758,"gate_30",76,"FALSE",FALSE,175.97
4210827,"gate_40",32,"TRUE",FALSE,46.26
4244100,"gate_30",381,"TRUE",TRUE,315.22
4251670,"gate_30",9,"FALSE",FALSE,10.99
4269984,"gate_30",149,"TRUE",TRUE,158.51
4271040,"gate_30",336,"TRUE",TRUE,191.94
4307485,"gate_40",15,"FALSE",FALSE,2.29
4307812,"gate_40",9,"FALSE",FALSE,10.99
4319476,"gate_30",311,"TRUE",TRUE,354.65
4334785,"gate_40",33,"TRUE",FALSE,57.28
4340288,"gate_40",23,"TRUE",FALSE,24.28
4344924,"gate_40",259,"TRUE",TRUE,88.41
4368721,"gate_30",166,"TRUE",TRUE,75.57
4376896,"gate_30",12,"FALSE",FALSE,2.29
4390164,"gate_40",50,"FALSE",FALSE,54.97
4410772,"gate_40",244,"FALSE",TRUE,92.53
4417520,"gate_40",80,"FALSE",FALSE,35.27
4419163,"gate_30",32,"TRUE",FALSE,10.99
4426887,"gate_30",96,"TRUE",FALSE,28.86
4430457,"gate_40",11,"FALSE",FALSE,32.98
4436950,"gate_30",71,"TRUE",FALSE,53.13
4438679,"gate_30",48,"TRUE",TRUE,6.87
4474571,"gate_30",32,"TRUE",FALSE,90.26
4478165,"gate_30",29,"FALSE",TRUE,10.99
4495065,"gate_30",228,"TRUE",TRUE,343.67
4520146,"gate_30",113,"TRUE",TRUE,116.81
4525505,"gate_40",23,"FALSE",FALSE,10.99
4557454,"gate_30",311,"TRUE",TRUE,374.35
4559854,"gate_40",85,"FALSE",TRUE,257.54
4561130,"gate_40",252,"TRUE",TRUE,147.97
4564778,"gate_30",24,"TRUE",FALSE,2.29
4568083,"gate_30",130,"TRUE",TRUE,48.55
4573108,"gate_40",104,"TRUE",TRUE,61.86
4598972,"gate_30",173,"TRUE",TRUE,53.12
4604331,"gate_40",125,"TRUE",TRUE,171.8
4614466,"gate_30",89,"FALSE",TRUE,57.26
4621402,"gate_40",72,"TRUE",TRUE,2.29
4625054,"gate_30",86,"TRUE",FALSE,90.26
4627186,"gate_40",13,"FALSE",FALSE,2.29
4639409,"gate_30",7,"TRUE",FALSE,2.29
4643567,"gate_40",4,"TRUE",FALSE,109.99
4650030,"gate_30",59,"TRUE",FALSE,59.57
4672779,"gate_30",29,"TRUE",FALSE,21.99
4673004,"gate_30",12,"FALSE",FALSE,2.29
4691712,"gate_40",52,"TRUE",FALSE,13.28
4691853,"gate_40",13,"TRUE",TRUE,2.29
4697130,"gate_40",56,"FALSE",FALSE,15.57
4707858,"gate_40",23,"TRUE",FALSE,2.29
4717824,"gate_30",53,"FALSE",TRUE,13.28
4719527,"gate_40",40,"TRUE",FALSE,10.99
4729530,"gate_40",118,"FALSE",TRUE,37.56
4741783,"gate_30",38,"TRUE",FALSE,109.99
4742196,"gate_40",6,"FALSE",FALSE,120.98
4747502,"gate_30",8,"FALSE",FALSE,2.29
4752522,"gate_30",23,"TRUE",FALSE,2.29
4763998,"gate_40",6,"FALSE",FALSE,13.28
4785405,"gate_40",52,"FALSE",TRUE,54.99
4806511,"gate_40",78,"TRUE",TRUE,48.56
4823710,"gate_30",34,"FALSE",FALSE,10.99
4846776,"gate_30",4,"FALSE",TRUE,43.97
4860875,"gate_30",36,"TRUE",FALSE,48.56
4869565,"gate_40",6,"FALSE",FALSE,10.99
4876550,"gate_30",109,"TRUE",TRUE,37.56
4883081,"gate_30",128,"TRUE",TRUE,171.83
4897111,"gate_40",618,"TRUE",TRUE,623.08
4902792,"gate_40",56,"FALSE",FALSE,24.28
4914115,"gate_30",110,"TRUE",FALSE,39.85
4914259,"gate_40",51,"FALSE",FALSE,46.27
4918795,"gate_30",54,"FALSE",FALSE,54.99
4927174,"gate_30",34,"TRUE",FALSE,2.29
4931648,"gate_40",29,"FALSE",FALSE,21.99
4993000,"gate_30",419,"TRUE",TRUE,288.62
5000143,"gate_40",67,"TRUE",FALSE,2.29
5012700,"gate_40",45,"TRUE",TRUE,24.28
5024440,"gate_40",28,"TRUE",FALSE,10.99
5031056,"gate_30",50,"TRUE",TRUE,4.58
5040182,"gate_40",4,"FALSE",FALSE,2.29
5044030,"gate_40",66,"TRUE",TRUE,54.99
5052529,"gate_30",23,"FALSE",FALSE,10.99
5075458,"gate_30",118,"TRUE",FALSE,57.26
5081239,"gate_40",15,"FALSE",FALSE,2.29
5085964,"gate_30",13,"TRUE",FALSE,4.58
5088496,"gate_40",25,"TRUE",FALSE,13.28
5094952,"gate_40",42,"TRUE",FALSE,24.27
5100944,"gate_40",167,"TRUE",TRUE,191.52
5103040,"gate_40",121,"TRUE",FALSE,24.27
5127646,"gate_40",7,"TRUE",FALSE,21.99
5132399,"gate_30",20,"TRUE",FALSE,2.29
5160426,"gate_30",19,"FALSE",TRUE,2.29
5168591,"gate_30",27,"TRUE",FALSE,2.29
5179892,"gate_30",6,"FALSE",FALSE,13.28
5189627,"gate_40",17,"TRUE",FALSE,4.58
5203851,"gate_40",13,"FALSE",FALSE,2.29
5210677,"gate_40",156,"TRUE",TRUE,279.52
5226626,"gate_40",131,"TRUE",TRUE,149.83
5228882,"gate_40",8,"FALSE",FALSE,2.29
5232212,"gate_40",43,"TRUE",FALSE,72.85
5241554,"gate_30",93,"TRUE",TRUE,57.26
5268963,"gate_40",78,"TRUE",TRUE,57.25
5272390,"gate_30",19,"FALSE",FALSE,10.99
5286275,"gate_40",90,"TRUE",FALSE,24.28
5289541,"gate_30",38,"TRUE",TRUE,24.28
5293143,"gate_40",60,"TRUE",TRUE,35.27
5300780,"gate_40",13,"TRUE",FALSE,4.58
5316594,"gate_30",326,"TRUE",TRUE,242.81
5317744,"gate_40",39,"TRUE",FALSE,54.99
5341287,"gate_30",44,"TRUE",FALSE,57.28
5367116,"gate_30",8,"TRUE",FALSE,21.99
5382976,"gate_40",53,"TRUE",FALSE,76.98
5387402,"gate_30",41,"FALSE",FALSE,20.15
5393303,"gate_40",40,"TRUE",FALSE,4.58
5430868,"gate_40",7,"FALSE",FALSE,2.29
5448406,"gate_30",53,"FALSE",FALSE,65.98
5479746,"gate_30",63,"TRUE",TRUE,26.57
5486485,"gate_40",26,"FALSE",FALSE,109.99
5488324,"gate_40",38,"TRUE",FALSE,2.29
5493635,"gate_40",61,"TRUE",FALSE,112.28
5504032,"gate_30",39,"TRUE",TRUE,10.99
5532030,"gate_40",66,"TRUE",FALSE,2.29
5547744,"gate_30",71,"TRUE",TRUE,86.11
5547996,"gate_30",25,"FALSE",TRUE,10.99
5549403,"gate_30",33,"TRUE",FALSE,2.29
5583035,"gate_40",107,"TRUE",TRUE,125.53
5591965,"gate_40",20,"FALSE",FALSE,24.28
5600645,"gate_40",40,"TRUE",FALSE,4.58
5607226,"gate_40",29,"FALSE",FALSE,35.27
5611185,"gate_40",173,"FALSE",TRUE,138.82
5615632,"gate_40",24,"TRUE",FALSE,21.99
5624330,"gate_30",15,"TRUE",TRUE,2.29
5635262,"gate_30",9,"FALSE",FALSE,10.99
5640207,"gate_30",9,"TRUE",TRUE,4.58
5651184,"gate_40",54,"FALSE",FALSE,37.56
5656294,"gate_40",66,"TRUE",FALSE,2.29
5657512,"gate_30",19,"FALSE",FALSE,109.99
5687635,"gate_30",18,"TRUE",TRUE,2.29
5692150,"gate_40",24,"TRUE",FALSE,4.58
5693678,"gate_30",29,"FALSE",FALSE,2.29
5696479,"gate_40",3,"FALSE",FALSE,10.99
5704515,"gate_30",62,"TRUE",TRUE,42.14
5732723,"gate_30",21,"FALSE",FALSE,24.28
5734688,"gate_30",251,"TRUE",TRUE,136.52
5736207,"gate_30",35,"FALSE",TRUE,10.99
5755169,"gate_30",7,"FALSE",FALSE,21.99
5756118,"gate_40",148,"TRUE",FALSE,54.96
5765341,"gate_30",36,"FALSE",FALSE,24.28
5788477,"gate_40",52,"TRUE",TRUE,26.57
5798943,"gate_30",13,"FALSE",FALSE,2.29
5810672,"gate_30",48,"FALSE",FALSE,24.28
5821621,"gate_40",240,"TRUE",TRUE,167.2
5846084,"gate_40",118,"TRUE",FALSE,64.13
5848926,"gate_40",12,"TRUE",TRUE,13.28
5850236,"gate_30",35,"TRUE",FALSE,10.99
5857444,"gate_30",149,"TRUE",TRUE,90.24
5859082,"gate_30",48,"TRUE",FALSE,2.29
5860904,"gate_40",69,"TRUE",FALSE,35.26
5863511,"gate_40",15,"TRUE",FALSE,2.29
5864282,"gate_30",37,"TRUE",FALSE,90.26
5880024,"gate_30",40,"TRUE",TRUE,21.99
5886162,"gate_30",38,"TRUE",TRUE,2.29
5886557,"gate_30",52,"TRUE",FALSE,2.29
5890770,"gate_30",16,"TRUE",FALSE,10.99
5903111,"gate_40",125,"TRUE",TRUE,20.15
5904164,"gate_30",32,"TRUE",TRUE,125.56
5908146,"gate_30",9,"FALSE",FALSE,13.28
5909997,"gate_40",6,"FALSE",FALSE,2.29
5910376,"gate_30",39,"TRUE",FALSE,13.28
5925833,"gate_30",29,"FALSE",FALSE,2.29
5956873,"gate_30",137,"TRUE",TRUE,101.25
5957287,"gate_40",71,"TRUE",FALSE,13.28
5962930,"gate_30",69,"TRUE",FALSE,13.28
5983898,"gate_30",29,"FALSE",FALSE,57.28
5985303,"gate_40",25,"FALSE",FALSE,26.57
5997935,"gate_30",15,"FALSE",FALSE,10.99
6003376,"gate_40",67,"TRUE",FALSE,35.26
6030181,"gate_40",116,"TRUE",TRUE,6.87
6032126,"gate_30",88,"FALSE",TRUE,17.86
6046092,"gate_30",99,"TRUE",FALSE,10.99
6052332,"gate_40",180,"TRUE",FALSE,152.58
6064847,"gate_40",7,"FALSE",FALSE,2.29
6066273,"gate_30",543,"TRUE",TRUE,478.27
6067008,"gate_30",38,"TRUE",FALSE,57.28
6071846,"gate_40",142,"FALSE",TRUE,90.71
6082972,"gate_40",24,"FALSE",FALSE,10.99
6108729,"gate_40",283,"TRUE",FALSE,207.11
6110173,"gate_40",10,"FALSE",TRUE,10.99
6114714,"gate_40",5,"FALSE",FALSE,2.29
6115626,"gate_40",99,"FALSE",FALSE,79.26
6120975,"gate_40",19,"TRUE",FALSE,21.99
6126555,"gate_40",25,"TRUE",FALSE,4.58
6127600,"gate_40",43,"TRUE",FALSE,24.27
6130365,"gate_30",12,"TRUE",FALSE,10.99
6135680,"gate_40",69,"TRUE",TRUE,31.14
6170568,"gate_30",19,"TRUE",TRUE,2.29
6174028,"gate_40",21,"TRUE",FALSE,32.97
6216125,"gate_30",18,"TRUE",FALSE,4.58
6230120,"gate_30",374,"TRUE",TRUE,183.7
6242747,"gate_40",25,"TRUE",FALSE,21.99
6258280,"gate_30",101,"TRUE",TRUE,61.83
6258571,"gate_40",115,"TRUE",FALSE,33.43
6313965,"gate_30",278,"TRUE",TRUE,114.96
6316123,"gate_30",5,"FALSE",FALSE,10.99
6323692,"gate_40",5,"TRUE",FALSE,2.29
6327414,"gate_30",230,"TRUE",TRUE,226.79
6330134,"gate_30",235,"TRUE",TRUE,114.97
6342774,"gate_30",395,"FALSE",FALSE,200.65
6349525,"gate_40",281,"TRUE",FALSE,187.37
6357393,"gate_30",35,"TRUE",FALSE,32.98
6359120,"gate_30",112,"TRUE",FALSE,26.57
6361382,"gate_30",68,"TRUE",FALSE,10.99
6365046,"gate_30",220,"TRUE",FALSE,204.79
6374867,"gate_40",9,"TRUE",FALSE,13.28
6378743,"gate_40",17,"FALSE",FALSE,24.28
6393484,"gate_30",123,"TRUE",FALSE,145.25
6407872,"gate_30",67,"TRUE",FALSE,4.58
6438242,"gate_40",248,"TRUE",TRUE,55.42
6442594,"gate_30",19,"FALSE",FALSE,21.99
6443731,"gate_40",5,"FALSE",TRUE,32.98
6445892,"gate_30",157,"TRUE",TRUE,141.1
6446248,"gate_40",17,"FALSE",FALSE,10.99
6454347,"gate_30",407,"TRUE",TRUE,543.86
6503483,"gate_40",18,"FALSE",FALSE,21.98
6508027,"gate_30",32,"FALSE",FALSE,24.27
6508251,"gate_30",16,"FALSE",FALSE,109.99
6513886,"gate_40",19,"FALSE",FALSE,2.29
6518879,"gate_40",3,"FALSE",FALSE,2.29
6526449,"gate_40",28,"TRUE",FALSE,21.99
6528783,"gate_30",4,"FALSE",FALSE,10.99
6531033,"gate_30",35,"FALSE",FALSE,54.99
6534619,"gate_40",27,"TRUE",FALSE,2.29
6534794,"gate_30",177,"TRUE",TRUE,233.68
6538406,"gate_40",110,"FALSE",TRUE,72.82
6547773,"gate_40",5,"FALSE",FALSE,10.99
6570905,"gate_40",153,"TRUE",TRUE,209.4
6574762,"gate_30",15,"FALSE",FALSE,2.29
6583789,"gate_30",8,"FALSE",FALSE,6.87
6596796,"gate_30",24,"TRUE",FALSE,2.29
6605253,"gate_40",178,"TRUE",FALSE,31.14
6615247,"gate_40",36,"FALSE",TRUE,21.99
6623944,"gate_40",72,"TRUE",FALSE,160.83
6630557,"gate_30",93,"TRUE",TRUE,68.27
6633659,"gate_40",26,"TRUE",TRUE,21.99
6634370,"gate_40",24,"FALSE",FALSE,10.99
6634976,"gate_30",7,"FALSE",FALSE,2.29
6653474,"gate_30",14,"FALSE",FALSE,10.99
6653663,"gate_40",14,"TRUE",FALSE,24.28
6667511,"gate_40",527,"TRUE",TRUE,933.85
6673491,"gate_40",3,"FALSE",FALSE,21.99
6678001,"gate_40",28,"TRUE",FALSE,24.27
6682624,"gate_30",38,"FALSE",FALSE,13.28
6712840,"gate_40",45,"TRUE",FALSE,46.25
6723230,"gate_30",50,"TRUE",TRUE,13.28
6741983,"gate_30",19,"TRUE",FALSE,10.99
6757339,"gate_30",14,"TRUE",FALSE,2.29
6769438,"gate_30",38,"FALSE",FALSE,4.58
6772692,"gate_30",44,"TRUE",FALSE,2.29
6773715,"gate_40",323,"TRUE",TRUE,350.96
6784796,"gate_30",278,"TRUE",TRUE,332.62
6795241,"gate_30",35,"FALSE",TRUE,123.27
6813266,"gate_30",75,"FALSE",FALSE,43.97
6828190,"gate_30",49,"TRUE",TRUE,26.57
6835840,"gate_40",14,"TRUE",FALSE,10.99
6836301,"gate_40",78,"TRUE",TRUE,22.44
6843474,"gate_40",25,"TRUE",FALSE,10.99
6848534,"gate_40",15,"FALSE",FALSE,24.28
6855216,"gate_30",4,"FALSE",FALSE,2.29
6861759,"gate_40",20,"FALSE",FALSE,24.28
6865351,"gate_40",35,"TRUE",FALSE,10.99
6866511,"gate_30",4,"FALSE",FALSE,10.99
6874712,"gate_40",110,"TRUE",FALSE,76.94
6909066,"gate_40",5,"FALSE",FALSE,2.29
6914030,"gate_30",350,"TRUE",TRUE,132.37
6942724,"gate_40",37,"TRUE",TRUE,32.98
6947110,"gate_40",10,"FALSE",FALSE,2.29
6955009,"gate_40",19,"TRUE",FALSE,21.99
6963061,"gate_40",22,"TRUE",FALSE,2.29
6969916,"gate_40",8,"TRUE",FALSE,10.99
6975227,"gate_40",30,"FALSE",FALSE,26.57
6991515,"gate_40",495,"TRUE",TRUE,504.47
6996466,"gate_30",72,"TRUE",FALSE,4.58
6998491,"gate_30",6,"FALSE",FALSE,10.99
7015344,"gate_30",140,"TRUE",FALSE,123.27
7021224,"gate_40",26,"FALSE",FALSE,21.99
7025127,"gate_40",71,"FALSE",FALSE,6.87
7040082,"gate_40",7,"FALSE",FALSE,10.99
7064575,"gate_40",30,"TRUE",FALSE,35.27
7069181,"gate_40",144,"TRUE",TRUE,97.13
7089635,"gate_40",20,"TRUE",FALSE,24.28
7099407,"gate_30",107,"TRUE",TRUE,61.83
7101783,"gate_30",40,"FALSE",FALSE,2.29
7129494,"gate_30",23,"FALSE",FALSE,2.29
7134962,"gate_30",50,"TRUE",FALSE,6.87
7142802,"gate_40",23,"FALSE",TRUE,13.28
7149518,"gate_40",14,"FALSE",TRUE,57.28
7194902,"gate_40",228,"TRUE",FALSE,86.58
7195086,"gate_40",34,"TRUE",FALSE,4.58
7204951,"gate_30",226,"TRUE",TRUE,255.65
7213430,"gate_30",134,"TRUE",FALSE,46.72
7215259,"gate_40",59,"FALSE",TRUE,112.28
7222492,"gate_40",16,"TRUE",FALSE,13.28
7223798,"gate_30",38,"FALSE",FALSE,10.99
7230585,"gate_30",203,"TRUE",TRUE,73.28
7237539,"gate_30",11,"FALSE",FALSE,10.99
7239011,"gate_30",32,"TRUE",FALSE,65.98
7254901,"gate_30",14,"FALSE",TRUE,2.29
7261919,"gate_40",53,"TRUE",FALSE,26.57
7263560,"gate_40",18,"FALSE",FALSE,24.28
7282215,"gate_40",74,"TRUE",FALSE,46.27
7286532,"gate_30",76,"TRUE",FALSE,24.27
7310054,"gate_40",29,"TRUE",FALSE,6.87
7333551,"gate_40",51,"TRUE",TRUE,10.99
7341723,"gate_30",16,"FALSE",FALSE,2.29
7342055,"gate_30",39,"TRUE",TRUE,109.99
7342199,"gate_30",28,"FALSE",FALSE,6.87
7368719,"gate_30",9,"TRUE",FALSE,2.29
7369172,"gate_40",33,"TRUE",FALSE,10.99
7387262,"gate_30",188,"TRUE",TRUE,123.26
7390906,"gate_30",31,"TRUE",FALSE,32.98
7397157,"gate_40",21,"TRUE",FALSE,13.28
7403616,"gate_40",6,"FALSE",FALSE,2.29
7427454,"gate_30",263,"FALSE",TRUE,134.69
7430333,"gate_40",105,"FALSE",TRUE,99.4
7431637,"gate_40",129,"TRUE",TRUE,24.27
7432538,"gate_40",14,"FALSE",FALSE,164.98
7435822,"gate_40",14,"FALSE",TRUE,2.29
7445592,"gate_30",18,"FALSE",FALSE,4.58
7459191,"gate_30",37,"TRUE",FALSE,4.58
7459825,"gate_30",63,"TRUE",FALSE,57.26
7471081,"gate_30",16,"TRUE",FALSE,13.28
7473331,"gate_40",350,"TRUE",TRUE,297.81
7474767,"gate_30",184,"TRUE",TRUE,116.81
7476311,"gate_40",386,"TRUE",TRUE,114.95
7489164,"gate_40",454,"TRUE",TRUE,376.62
7496880,"gate_40",6,"FALSE",FALSE,10.99
7501480,"gate_30",17,"TRUE",FALSE,109.99
7509269,"gate_40",40,"FALSE",FALSE,26.57
7510691,"gate_30",16,"FALSE",FALSE,21.99
7549333,"gate_30",29,"FALSE",FALSE,59.57
7577155,"gate_40",59,"TRUE",FALSE,2.29
7584341,"gate_30",26,"FALSE",FALSE,35.26
7593093,"gate_30",14,"TRUE",FALSE,10.99
7597410,"gate_40",197,"TRUE",TRUE,28.85
7601127,"gate_40",86,"FALSE",FALSE,72.85
7604158,"gate_30",4,"FALSE",FALSE,10.99
7604578,"gate_40",35,"TRUE",FALSE,4.58
7606642,"gate_30",8,"FALSE",FALSE,2.29
7626542,"gate_40",47,"TRUE",FALSE,13.28
7628703,"gate_40",34,"TRUE",FALSE,10.99
7656145,"gate_40",32,"TRUE",FALSE,13.28
7656318,"gate_30",16,"TRUE",FALSE,10.99
7662273,"gate_40",187,"TRUE",TRUE,105.84
7663436,"gate_30",174,"TRUE",TRUE,178.68
7663742,"gate_30",17,"TRUE",FALSE,10.99
7672204,"gate_30",17,"TRUE",FALSE,4.58
7683004,"gate_30",16,"FALSE",FALSE,10.99
7699053,"gate_40",290,"TRUE",TRUE,372.54
7740125,"gate_40",439,"TRUE",TRUE,232.25
7745626,"gate_30",15,"FALSE",FALSE,2.29
7749011,"gate_40",83,"TRUE",FALSE,59.55
7750446,"gate_30",12,"FALSE",FALSE,13.28
7763319,"gate_40",12,"FALSE",FALSE,13.28
7767027,"gate_40",14,"FALSE",FALSE,2.29
7775672,"gate_40",53,"TRUE",FALSE,24.27
7777592,"gate_30",8,"FALSE",FALSE,43.98
7788255,"gate_40",119,"TRUE",TRUE,46.72
7799947,"gate_40",86,"FALSE",FALSE,105.83
7806038,"gate_40",325,"TRUE",TRUE,174.53
7810642,"gate_30",398,"TRUE",TRUE,291.39
7851617,"gate_30",41,"TRUE",FALSE,32.98
7877722,"gate_40",307,"TRUE",TRUE,192.4
7892216,"gate_30",170,"FALSE",TRUE,46.26
7894347,"gate_40",48,"TRUE",TRUE,112.24
7912651,"gate_30",110,"TRUE",TRUE,42.13
7929886,"gate_30",144,"TRUE",FALSE,246.52
7961844,"gate_30",36,"FALSE",FALSE,2.29
7965814,"gate_40",35,"TRUE",TRUE,13.28
8002099,"gate_40",10,"FALSE",FALSE,13.28
8004071,"gate_40",39,"TRUE",TRUE,35.27
8007106,"gate_30",237,"TRUE",TRUE,79.69
8020209,"gate_30",121,"TRUE",TRUE,59.55
8022685,"gate_30",34,"FALSE",FALSE,21.99
8038667,"gate_40",330,"TRUE",TRUE,381.65
8042514,"gate_30",27,"FALSE",FALSE,35.27
8045884,"gate_30",15,"FALSE",FALSE,21.99
8057100,"gate_40",13,"FALSE",FALSE,54.99
8057235,"gate_30",121,"TRUE",TRUE,163.12
8057830,"gate_30",55,"TRUE",FALSE,35.27
8061081,"gate_40",15,"FALSE",FALSE,54.99
8091516,"gate_30",17,"TRUE",FALSE,21.98
8109427,"gate_30",169,"FALSE",TRUE,77.43
8121195,"gate_40",146,"TRUE",FALSE,79.26
8126995,"gate_30",11,"FALSE",FALSE,21.99
8132368,"gate_40",24,"FALSE",FALSE,2.29
8142861,"gate_40",97,"TRUE",FALSE,35.27
8152659,"gate_30",32,"TRUE",FALSE,10.99
8162119,"gate_40",33,"TRUE",FALSE,2.29
8172084,"gate_30",38,"TRUE",FALSE,35.27
8192052,"gate_40",18,"FALSE",FALSE,10.99
8195632,"gate_40",47,"TRUE",FALSE,26.56
8196805,"gate_30",37,"FALSE",FALSE,9.16
8198556,"gate_40",31,"FALSE",FALSE,6.87
8204647,"gate_40",16,"TRUE",FALSE,2.29
8219192,"gate_30",24,"TRUE",FALSE,26.57
8224200,"gate_30",30,"TRUE",TRUE,4.58
8241906,"gate_40",165,"TRUE",TRUE,207.06
8249656,"gate_30",7,"TRUE",FALSE,2.29
8250528,"gate_30",62,"TRUE",FALSE,21.98
8270888,"gate_40",21,"FALSE",FALSE,13.28
8276338,"gate_30",102,"TRUE",FALSE,61.84
8288691,"gate_30",233,"TRUE",TRUE,226.82
8292894,"gate_40",87,"TRUE",TRUE,42.14
8304977,"gate_40",88,"TRUE",FALSE,33.44
8305517,"gate_40",251,"TRUE",TRUE,350.51
8323931,"gate_30",33,"TRUE",FALSE,2.29
8328407,"gate_30",124,"TRUE",TRUE,94.84
8348013,"gate_30",212,"TRUE",TRUE,248.76
8359563,"gate_40",177,"TRUE",TRUE,44.43
8366920,"gate_40",3,"TRUE",FALSE,2.29
8375345,"gate_30",135,"TRUE",TRUE,37.55
8375877,"gate_40",173,"TRUE",TRUE,123.23
8397159,"gate_30",86,"TRUE",FALSE,24.28
8398281,"gate_30",37,"TRUE",FALSE,2.29
8402121,"gate_30",32,"FALSE",FALSE,10.99
8411124,"gate_40",108,"TRUE",TRUE,61.84
8414204,"gate_40",73,"TRUE",FALSE,65.98
8418957,"gate_40",7,"FALSE",FALSE,21.99
8427248,"gate_40",15,"FALSE",FALSE,4.58
8429579,"gate_30",22,"TRUE",FALSE,21.99
8429621,"gate_40",623,"TRUE",TRUE,478.28
8431493,"gate_40",159,"TRUE",TRUE,88.41
8440483,"gate_30",196,"TRUE",FALSE,79.72
8440602,"gate_30",69,"TRUE",FALSE,57.26
8443208,"gate_30",8,"FALSE",FALSE,13.28
8448032,"gate_40",27,"FALSE",FALSE,10.99
8448045,"gate_30",5,"FALSE",FALSE,2.29
8478133,"gate_30",63,"TRUE",FALSE,65.98
8479994,"gate_40",32,"FALSE",FALSE,4.58
8481731,"gate_30",39,"FALSE",TRUE,70.54
8485861,"gate_30",21,"FALSE",FALSE,2.29
8496936,"gate_40",35,"FALSE",FALSE,6.87
8499380,"gate_40",5,"FALSE",FALSE,2.29
8502069,"gate_40",161,"TRUE",TRUE,119.12
8524603,"gate_40",182,"TRUE",TRUE,187.38
8528948,"gate_40",239,"TRUE",TRUE,165.37
8533705,"gate_40",176,"TRUE",TRUE,86.1
8542347,"gate_40",41,"TRUE",FALSE,15.57
8543125,"gate_40",77,"FALSE",FALSE,153.93
8551685,"gate_40",97,"TRUE",FALSE,64.12
8555727,"gate_40",429,"TRUE",FALSE,484.76
8574354,"gate_30",53,"TRUE",FALSE,57.28
8592182,"gate_30",13,"TRUE",FALSE,54.99
8595317,"gate_40",47,"TRUE",FALSE,21.99
8599957,"gate_40",65,"TRUE",TRUE,53.13
8617158,"gate_30",101,"TRUE",FALSE,4.58
8641084,"gate_40",54,"FALSE",FALSE,138.85
8645904,"gate_40",12,"FALSE",FALSE,15.57
8656930,"gate_30",19,"FALSE",FALSE,54.99
8671152,"gate_30",31,"TRUE",FALSE,21.99
8682610,"gate_30",150,"TRUE",TRUE,59.54
8686506,"gate_30",93,"TRUE",TRUE,94.83
8706555,"gate_30",38,"TRUE",FALSE,26.57
8732542,"gate_40",28,"FALSE",TRUE,21.99
8764839,"gate_40",88,"TRUE",FALSE,2.29
8790100,"gate_40",74,"TRUE",FALSE,114.53
8796809,"gate_30",28,"TRUE",FALSE,24.28
8804668,"gate_30",392,"TRUE",TRUE,202.92
8826792,"gate_30",26,"FALSE",FALSE,10.99
8848457,"gate_40",128,"TRUE",TRUE,147.54
8852443,"gate_40",34,"TRUE",FALSE,65.96
8855157,"gate_30",10,"FALSE",FALSE,2.29
8868912,"gate_30",37,"FALSE",FALSE,15.57
8879130,"gate_30",72,"TRUE",FALSE,90.25
8882567,"gate_40",44,"TRUE",FALSE,21.98
8886983,"gate_30",4,"FALSE",FALSE,10.99
8890497,"gate_30",51,"TRUE",FALSE,32.98
8902009,"gate_40",51,"FALSE",TRUE,17.86
8910359,"gate_30",39,"TRUE",FALSE,59.57
8932213,"gate_30",3,"FALSE",FALSE,10.99
8933007,"gate_40",15,"FALSE",FALSE,10.99
8937703,"gate_30",21,"FALSE",FALSE,109.98
8941554,"gate_40",49,"FALSE",FALSE,81.54
8951242,"gate_30",46,"FALSE",FALSE,2.29
8972655,"gate_40",114,"TRUE",TRUE,48.55
9005507,"gate_30",50,"TRUE",TRUE,4.58
9037570,"gate_40",124,"TRUE",FALSE,28.85
9037628,"gate_30",26,"TRUE",FALSE,57.26
9038656,"gate_30",188,"TRUE",FALSE,121.39
9045815,"gate_30",102,"FALSE",FALSE,4.58
9057444,"gate_40",85,"TRUE",FALSE,28.85
9066248,"gate_40",42,"TRUE",TRUE,2.29
9069174,"gate_40",10,"FALSE",FALSE,2.29
9098217,"gate_40",19,"FALSE",FALSE,10.99
9146035,"gate_30",133,"FALSE",FALSE,103.53
9173755,"gate_40",46,"TRUE",FALSE,90.26
9201521,"gate_30",110,"TRUE",TRUE,72.82
9219822,"gate_40",75,"TRUE",TRUE,6.87
9221429,"gate_40",16,"TRUE",FALSE,76.98
9223512,"gate_40",19,"TRUE",FALSE,57.26
9234713,"gate_30",139,"TRUE",FALSE,101.25
9238203,"gate_40",80,"TRUE",FALSE,10.99
9255701,"gate_30",63,"TRUE",FALSE,59.53
9272438,"gate_30",414,"TRUE",TRUE,161.2
9286145,"gate_30",44,"TRUE",FALSE,109.99
9307923,"gate_30",91,"TRUE",FALSE,32.98
9320666,"gate_40",38,"TRUE",FALSE,2.29
9322313,"gate_40",19,"FALSE",FALSE,10.99
9342670,"gate_40",174,"TRUE",TRUE,103.55
9363622,"gate_30",9,"FALSE",FALSE,2.29
9364881,"gate_30",4,"FALSE",FALSE,2.29
9383956,"gate_40",13,"FALSE",FALSE,21.99
9385798,"gate_30",6,"FALSE",FALSE,21.99
9403057,"gate_30",24,"FALSE",FALSE,21.99
9410128,"gate_30",6,"FALSE",FALSE,10.99
9410403,"gate_30",52,"TRUE",FALSE,21.98
9418344,"gate_30",58,"TRUE",FALSE,2.29
9435768,"gate_30",40,"FALSE",FALSE,123.26
9436157,"gate_40",29,"FALSE",FALSE,13.28
9446313,"gate_40",32,"FALSE",FALSE,32.98
9459288,"gate_40",37,"TRUE",FALSE,24.28
9483659,"gate_30",117,"TRUE",TRUE,193.8
9488574,"gate_40",92,"FALSE",TRUE,193.83
9491204,"gate_30",188,"TRUE",TRUE,138.82
9491585,"gate_40",59,"TRUE",FALSE,15.57
9507026,"gate_40",24,"TRUE",FALSE,10.99
9509128,"gate_40",127,"TRUE",TRUE,26.57
9514126,"gate_30",178,"TRUE",TRUE,108.11
9525685,"gate_30",8,"FALSE",FALSE,13.28
9534732,"gate_40",17,"FALSE",FALSE,2.29
9544965,"gate_30",107,"TRUE",FALSE,17.86
9558688,"gate_30",39,"TRUE",FALSE,59.54
9566441,"gate_30",61,"TRUE",FALSE,24.28
9568606,"gate_40",10,"FALSE",FALSE,65.98
9571407,"gate_30",115,"TRUE",TRUE,147.51
9577522,"gate_30",26,"FALSE",FALSE,2.29
9605291,"gate_40",87,"FALSE",TRUE,10.99
9635755,"gate_30",122,"FALSE",TRUE,70.54
9637000,"gate_40",132,"TRUE",FALSE,94.84
9651282,"gate_30",520,"TRUE",TRUE,341.33
9655131,"gate_40",311,"TRUE",TRUE,138.84
9660798,"gate_40",7,"FALSE",FALSE,21.99
9665236,"gate_40",62,"FALSE",TRUE,4.58
9665892,"gate_30",430,"TRUE",TRUE,264.35
9667422,"gate_30",16,"TRUE",FALSE,21.99
9682396,"gate_40",73,"TRUE",TRUE,37.56
9690596,"gate_30",338,"TRUE",TRUE,218.09
9695756,"gate_30",56,"TRUE",FALSE,15.57
9701131,"gate_40",27,"TRUE",TRUE,2.29
9709680,"gate_40",116,"TRUE",TRUE,46.25
9710609,"gate_40",5,"FALSE",FALSE,10.99
9710821,"gate_30",53,"FALSE",FALSE,15.57
9730504,"gate_40",32,"FALSE",FALSE,57.28
9737704,"gate_30",11,"TRUE",FALSE,2.29
9751275,"gate_30",17,"TRUE",FALSE,120.98
9778364,"gate_40",245,"TRUE",TRUE,75.1
9784981,"gate_30",55,"TRUE",TRUE,4.58
9789902,"gate_40",66,"TRUE",FALSE,37.56
9790706,"gate_40",88,"FALSE",FALSE,46.27
9791972,"gate_40",9,"FALSE",FALSE,10.99
9793515,"gate_30",223,"TRUE",TRUE,79.69
9801043,"gate_40",10,"FALSE",FALSE,2.29
9801766,"gate_30",11,"FALSE",FALSE,2.29
9816646,"gate_30",351,"TRUE",TRUE,128.27
9822330,"gate_30",43,"TRUE",FALSE,2.29
9843026,"gate_40",46,"FALSE",FALSE,2.29
9853197,"gate_30",256,"TRUE",TRUE,165.38
9862744,"gate_30",22,"TRUE",FALSE,4.58
9865461,"gate_40",32,"TRUE",TRUE,10.99
9865563,"gate_30",18,"FALSE",FALSE,2.29
9875088,"gate_30",26,"TRUE",FALSE,4.58
9875181,"gate_30",37,"TRUE",FALSE,32.98
9888855,"gate_30",130,"TRUE",FALSE,46.71
9900264,"gate_30",225,"TRUE",TRUE,169.94
9905648,"gate_30",41,"TRUE",FALSE,32.98
9910963,"gate_40",77,"TRUE",TRUE,13.28
9936321,"gate_40",17,"FALSE",FALSE,10.99
9938980,"gate_40",243,"TRUE",TRUE,156.68
9940744,"gate_30",56,"TRUE",TRUE,26.57
9952208,"gate_40",47,"FALSE",TRUE,4.58
9979214,"gate_40",13,"FALSE",FALSE,10.99
9981465,"gate_40",149,"TRUE",TRUE,149.81
9986314,"gate_30",72,"TRUE",FALSE,35.26
9998576,"gate_30",14,"TRUE",FALSE,2.29
9999710,"gate_30",28,"TRUE",FALSE,35.27
